\set ON_ERROR_STOP on
-- ================================================================
-- CloudPivot IMS - 2026年5月酉昌库存自由出入库录入脚本 (PostgreSQL)
-- 来源: scripts/酉昌进销存明细.xlsx / 工作表 "5月"
-- 前置: 已执行基础分类/物料脚本并已配置启用的原材料默认仓
-- 口径: 期初作为 other_in；每日发生按 other_in/other_out；库存不足先补足入库
-- 生成基准: 期初 354 笔；源表每日 441 笔；负库存补足 22 笔/1200
-- 警告: 本脚本会在录入前清空库存、批次、预留、盘点、调拨及库存流水数据
-- 使用: psql "$DATABASE_URL" -f scripts/import_may_2026_manual_stock_movements_pg.sql
-- ================================================================

BEGIN;

-- 仅重置库存域数据，保留分类、物料、单位、仓库、用户及其他业务单据。
TRUNCATE TABLE
    transfer_items,
    transfers,
    stock_check_items,
    stock_checks,
    inventory_reservation_lots,
    inventory_reservations,
    inventory_lots,
    inventory_transactions,
    inventory
RESTART IDENTITY CASCADE;

LOCK TABLE inventory_transactions IN SHARE ROW EXCLUSIVE MODE;
LOCK TABLE inventory IN SHARE ROW EXCLUSIVE MODE;

CREATE TEMP TABLE may_2026_opening_stock (
    source_row INTEGER NOT NULL,
    material_code TEXT NOT NULL,
    material_name TEXT NOT NULL,
    quantity DOUBLE PRECISION NOT NULL CHECK (quantity > 0)
) ON COMMIT DROP;

-- STAGING_OPENING_BEGIN
INSERT INTO may_2026_opening_stock (source_row, material_code, material_name, quantity) VALUES
(1, '217002875', '4318铁架(R)', 1468),
(2, '217002870', '4318铁架(L)', 1466),
(3, '217002865', '5318铁架(L)', 1102),
(4, '217002866', '5318铁架(R)', 1098),
(5, '217003121', '5181铁架（L）', 155),
(6, '217003122', '5181铁架（R）', 155),
(7, '217008359', '5318Z铁架(L)', 113),
(8, '217008361', '5318Z铁架(R)', 111),
(9, '217003123', '4318H铁架(L)', 36),
(10, '217003124', '4318H铁架(R)', 29),
(11, '217005537', '4181铁架（L）', 717),
(12, '217005538', '4181铁架（R）', 717),
(13, '230000028', '5397S铁架（L)', 30),
(14, '230000029', '5397S铁架（R)', 27),
(15, '230000036', '6281铁架（L)', 51),
(16, '230000037', '6281铁架（R)', 51),
(17, '217007170', '5396铁架(L)', 226),
(18, '217007171', '5396铁架(R)', 226),
(19, '101002929', '电机', 136),
(20, '101003949', '电机', 15),
(21, '101002438', '电机', 206),
(22, '101001524', '电机', 146),
(23, '101002605', '电机', 27),
(24, '101001876', '电机', 406),
(25, '101001950', '电机', 290),
(27, '101002649', '电机', 126),
(29, '101002431', '电机配5181铁架', 145),
(30, '101003295', '头枕电机', 100),
(31, '228000258', '底连杆', 691),
(32, '221001012', '底连杆', 400),
(33, '221001013', '底连杆', 29),
(35, '221001015', '底连杆', 51),
(36, '221001016', '底连杆', 138),
(38, '221001018', '底连杆', 140),
(39, '217007710', '底连杆', 232),
(40, '221001020', '底连杆', 87),
(41, '228000247', '带筋底连杆', 332),
(42, '217002184', '5318-2单人位底连杆', 131),
(43, '217003915', '中间靠背件', 654),
(44, '217003066', 'L拉手开关', 625),
(45, '217003067', 'R拉手开关', 441),
(46, '217005542', 'R拉手支架', 69),
(47, '217005541', 'L拉手支架', 323),
(48, '217002898', '4318单人位底连杆', 528),
(49, '217002169', '电动转动方管', 1049),
(50, '105001702', '金属拉手开关', 135),
(51, '302120061', '尼龙角垫', 9116),
(52, '217003075', 'A扣带钉挂件', 293),
(53, '217003077', 'B扣带槽挂件', 245),
(54, '217002067', 'KD卡', 1695),
(55, '301010680', '红拉簧', 2655),
(56, '301011186', '靠背弹簧', 228),
(57, '301010788', '加强靠背簧', 36),
(58, '301010711', '4181小弹簧', 369),
(59, '217002934', '手动转动方管', 1645),
(60, '217004332', '-2方框', 298),
(61, '217004331', '-2方框(5181)', 49),
(62, '217002204', '电动连接组件(R)', 780),
(63, '217002200', '电动连接组件(L)', 784),
(64, '217002154', '5318-2转动角铁', 984),
(65, '217002153', '-1转动角铁', 331),
(66, '217002162', '-10转动角铁', 43),
(67, '217002124', '-2稳定管', 4812),
(68, '217002139', '-2抗扭管', 2846),
(69, '217002132', '-10稳定管', 75),
(70, '217002147', '-10抗扭管', 39),
(71, '217002177', '-10转动方管', 37),
(72, '217002138', '-1抗扭管', 327),
(73, '217002123', '-稳定管', 622),
(74, '217002142', '-5抗扭管', 76),
(75, '217002127', '-5稳定管', 159),
(76, '217002172', '-5转动方管', 80),
(77, '217002168', '-1电动方管', 20),
(78, '217002933', '-1手动方管', 330),
(79, '105001848', '塑料黑色方形拉手', 2196),
(80, '350010011', '纸护角', 1610),
(81, '350010012', '纸护角', 150),
(82, '350010013', '纸护角', 153),
(83, '350010014', '纸护角', 464),
(84, '350010015', '纸护角', 409),
(85, '350010016', '纸护角', 55),
(86, '350010017', '纸护角', 260),
(87, '350010018', '纸护角', 2066),
(88, '350010019', '纸护角', 956),
(89, '350010021', '纸护角', 576),
(90, '350010022', '纸护角', 1950),
(91, '350010020', '纸护角', 1462),
(92, '105003168', 'CB048-A12-16SA控制盒', 98),
(93, '103000132', 'TJ004A', 100),
(94, '103000308', 'TJ004A', 152),
(95, '103000145', 'TJ004A', 34),
(96, '217002832', '-10分体底连杆', 386),
(97, '217002827', '底连杆', 120),
(98, '217003563', '5397-14前驱管', 24),
(99, '228000056', '5397-14后驱管', 24),
(101, '217006641', '5396-7前驱杆', 134),
(102, '217007180', '5396-7后驱管', 338),
(103, '111000028', 'OP1400200KD', 94),
(104, '105000026', 'MLSK5-A', 46),
(105, '105003112', 'HCO91-1MZO-1UQ01-A', 91),
(106, '109000122', 'DCP23-04-N-01-02', 423),
(107, '105003111', 'HC091-2MIL0-1U01-A', 91),
(109, '103000525', 'ML-H20040A-C-05(02)', 26),
(110, '106000324', 'ML-H290020A-C-04C(03)', 226),
(111, '106000368', 'ML-H290020A-C-04C(07)', 778),
(112, '340010011', '针车线', 4),
(113, '340010012', '针车线', 68),
(114, '340010013', '针车线', 50),
(115, '340010014', '针车线', 51),
(117, '340010016', '针车线', 199),
(118, '340010017', '针车线', 85),
(119, '340010018', '针车线', 198),
(120, '340010019', '针车线', 346),
(121, '340010020', '针车线', 98),
(122, '340010021', '针车线', 50),
(123, '340010022', '针车线', 40),
(124, '340010023', '针车线', 38),
(125, '340010024', '针车线', 98),
(126, '340010025', '针车线', 37),
(127, '340010026', '针车线', 8),
(128, '340010027', '针车线', 100),
(129, '340010028', '针车线', 15),
(130, '340010029', '针车线', 53),
(131, '340010030', '针车线', 100),
(132, '340010031', '针车线', 91),
(133, '340010032', '针车线', 40),
(134, '340010033', '针车线', 5),
(135, '340010034', '针车线', 42),
(136, '340010035', '针车线', 76),
(138, '340010037', '针车线', 10),
(139, '340010038', '针车线', 8),
(140, '340010039', '针车线', 10),
(141, '340010040', '针车线', 50),
(142, '340010041', '针车线', 10),
(143, '340010042', '针车线', 30),
(144, '340010043', '针车线', 48),
(145, '340010044', '针车线', 100),
(147, '340010046', '针车线', 77),
(148, '340010047', '针车线', 180),
(149, '340010048', '针车线', 20),
(150, '340010049', '针车线', 7),
(151, '340010050', '针车线', 190),
(152, '340010051', '针车线', 18),
(153, '340010052', '针车线', 15),
(154, '340010053', '针车线', 8),
(155, '340010054', '针车线', 14),
(156, '340010055', '针车线', 1),
(157, '340010056', '针车线', 6),
(158, '340010057', '针车线', 9),
(159, '340010058', '针车线', 25),
(160, '340010059', '针车线', 11),
(161, '340010060', '针车线', 18),
(162, '340010061', '针车线', 7),
(163, '340010062', '针车线', 40),
(164, '340010073', '针车线', 76),
(165, '340010074', '针车线', 24),
(166, '217002157', '-5转动角铁', 71),
(167, '101002751', 'ML6-001B', 20),
(168, '217007533', '6281KD卡1', 68),
(169, '217007534', '6281KD卡2', 68),
(170, '217010827', '6281底框', 18),
(171, '217011159', '6281梯形前管', 18),
(172, '217011157', '6281梯形后管', 18),
(173, '217010815', '6281前驱管', 18),
(174, '217010806', '6281后驱管', 18),
(175, '217010808', '6281稳定管', 18),
(176, '228000250', '6281后驱弯管', 18),
(177, '301010507', '7*13螺丝', 13272),
(178, '301010622', '1/4*38螺丝', 1201),
(179, '301010646', '7*18螺丝', 4696),
(180, '301010623', '1/4螺母', 168),
(181, '217010816', '配6281铁架电机', 22),
(184, '105001651', 'SK-14E1', 9),
(185, '650000030', '绿色松紧带', 9500),
(187, '302120063', '白色塑料圆角4181用', 544),
(188, '301010698', '弹簧5396铁架用', 728),
(191, '221001028', '短方管配件', 710),
(194, '221001023', '底连杆', 9),
(197, '340010063', '针车线', 10),
(198, '360010011', '酷布', 3200),
(199, '360010012', 'U203面料', 816),
(200, '360010013', 'HNA-BLACK面料', 990),
(201, '360010014', 'LN02PVC面料', 962),
(202, '360010015', 'PX2142-HIGHLAND(1032)面料', 74),
(203, '360010016', '1008-SADDLE面料', 878.9),
(204, '360010017', '1009-SABLE面料', 389.6),
(205, '360010018', '1014-CEAMEN面料', 247.9),
(206, '360010019', '1014-ELIPSE面料', 41.6),
(207, '360010020', '1014-SEAFOAM面料', 57.9),
(208, '360010021', '1014-CHARCOAL面料', 500),
(209, '360010022', '1005-19H23A面料', 545),
(210, '360010023', '1005-19H23B深咖啡色皮革', 654),
(211, '360010024', '1006-6019-13B灰色皮革面料', 76.4),
(212, '360010025', '1006用，7993C-24灰色皮革面料', 2093),
(213, '360010026', '1023(22-HL-11)灰色带绒布料', 243.4),
(214, '360010027', '1023 (22-HL-9)灰蓝色带绒布料', 45),
(215, '360010028', '1023 (22-HL-2)棕色带绒布料', 47),
(216, '360010029', 'PX2142(PVC)面料', 461),
(217, '360010030', 'CHOCOLATE (MONG)面料', 1006),
(218, '360010031', 'CHOCOLATE(DAY)面料', 233),
(219, '360010032', 'MOCHA面料', 79.8),
(223, '360010036', 'ZYX64327-1面料', 144),
(224, '360010037', '1017L13PVC面料', 439),
(225, '360010038', 'CHONG LONG VIT 面料', 419),
(226, '360010039', '6235(2139)棕双色PU NAU面料', 360),
(227, '360010040', 'CARO NAU面料', 309),
(228, '360010048', 'COMBAT BLU', 377),
(229, '360010041', 'CARO XAM面料', 679),
(230, '380010011', '外六角螺丝', 3500),
(232, '380010013', '外六角螺丝', 2000),
(233, '380010014', '外六角螺丝', 12300),
(234, '380010015', '外六角螺丝', 60200),
(235, '380010016', '外六角螺丝', 2000),
(236, '380010017', '外六角螺丝', 24500),
(237, '380010018', '外六角螺丝', 18200),
(238, '380010019', '外六角螺丝', 33700),
(239, '380010020', '外六角螺丝', 12000),
(240, '380010021', '外六角螺丝', 13400),
(242, '380010023', '5*55螺丝', 1200),
(243, '380010024', '5*70螺丝', 50),
(244, '380010025', '8*75螺丝', 11100),
(245, '380010026', '5*50螺丝', 2200),
(246, '380010027', '3*20螺丝', 5000),
(247, '380010028', 'LONG DEN DEN垫片（黑色）', 31800),
(248, '380010029', 'LONG DEN TRANG 垫片白色', 32000),
(249, '380010040', '4*15(DEN)螺丝', 35000),
(250, '380010041', '4*20螺丝', 19812),
(251, '380010042', '4*25螺丝', 40000),
(252, '380010043', '4*30螺丝', 21050),
(253, '380010044', '4*50 (DEN)螺丝', 8000),
(254, '380010045', '4*50 (VANG)螺丝', 33512),
(255, '380010046', '4*15 (TRANG)螺丝', 22200),
(256, '390000011', 'DINH DU铜钉', 65000),
(257, '390000012', 'N15枪钉', 13.5),
(258, '390000013', 'N17枪钉', 8.1),
(259, '390000014', '1013J枪钉', 17.8),
(260, '390000015', '1010F枪钉', 18),
(261, '390000016', '438K马钉', 22),
(262, 'YC-UNCODED-ML9-245', '电机', 26),
(263, 'YC-UNCODED-ML6-001B', '电机', 30),
(272, '330000025', 'DAU BU 8MM', 1),
(273, '330000026', 'DAU BU 14MM', 3),
(274, '330000027', 'CHAN VIT', 2),
(275, '330000028', 'DAO KEO KEO', 1),
(276, '330000029', 'HOT RAC', 4),
(277, '330000030', 'CHOI QUET NHA', 14),
(278, '108000437', 'DTC12-B05-01', 17),
(279, '111000171', 'YC-0904B01-01', 84),
(280, '111000172', 'YC-0505B01-01', 10),
(281, '111000118', 'OP1500KS', 6),
(282, '109000292', 'WC010B-2UQ12-01', 32),
(283, '109000249', 'CZ005-A10-2UQ02', 93),
(284, '105001737', 'AC108-2MA-2UQ03', 267),
(285, '113001317', 'MLJRD003', 130),
(286, '106000334', 'DC-29-12-10-01-Y25-01', 1),
(287, '106000607', 'ML-H240030-A-03(01)', 3),
(288, '105002501', 'CB048-A12-05S控制开关', 39),
(289, '301010114', 'TJ006拉簧', 915),
(290, '22600134', '5396用KD卡(1)', 323),
(291, '226001344', '5396用KD卡(2)', 323),
(293, '301010700', '斜角挂扣组件(ACE-MP00957)', 1365),
(294, '221001029', '5181-2后驱管', 78),
(295, '221001030', '5181-2稳定管', 162),
(296, '221001031', '5181-2抗扭管', 176),
(297, '301010641', 'M7*23螺丝', 2258),
(298, '301010531', 'M7*30螺丝', 3557),
(299, '301010668', '1/4防滑螺母', 1156),
(300, '301010667', '1/4*38外六角螺丝', 760),
(301, '217004535', '侧边安装KD卡1', 195),
(302, '217004622', '侧边安装KD卡2', 195),
(303, '301090417', 'TJ018B左片', 7),
(304, '301090418', 'TJ018B右片', 7),
(305, '301090225', 'TJ018左片', 25),
(306, '301090226', 'TJ018右片', 25),
(307, '360010042', '棉绳', 4800),
(308, '360010043', '拉链', 11200),
(309, '360010044', '拉链头', 24000),
(310, '360010045', '魔术贴绒面', 10675),
(311, '360010046', '魔术贴刺面', 7750),
(314, '650000018', '合页H96', 1372),
(316, '650000034', '透明胶带', 204),
(317, '650000011', 'Bass 18cm', 716),
(318, '650000012', 'Bass BUOM', 548),
(319, '650000013', 'KHAY 300*260*90', 180),
(320, '650000014', 'COC SAT 85MM*35MM', 635),
(321, '650000015', 'COC NHUA 90MM*35MM', 413),
(322, '650000016', 'COC NHUA 90MM*65MM', 1130),
(323, '650000017', 'COC SAT 85MM*55MM', 1144),
(324, '650000019', 'BASS THUY LUC', 777),
(325, '650000020', 'BASS CONG (1014)', 59),
(326, '650000021', 'GIO GA', 291),
(327, '650000022', 'MOC LOXO U2.8*45', 22780),
(328, '650000023', 'MOC LO XO U 2.8*55', 450),
(329, '650000024', 'KEP LOXO (4 LO)', 37420),
(330, '650000025', 'KHOA KEP LO XO (M66)', 31200),
(331, '650000026', 'KEM BOC GIAY (CUON)', 5),
(332, '650000027', 'KEM BOC GIAY 550', 43),
(333, '650000028', 'KEM BOC GIAY 440', 2538),
(334, '650000029', 'CHONG AM', 7770),
(335, '650000030', 'DAY THUN XANH', 6400),
(336, '650000031', 'DAY RUT 8*300', 23),
(337, '650000032', 'DAY RUT 4*200', 8),
(338, '650000033', 'DAY RUT 5*500', 29),
(339, '650000034', 'BANG KEO TRONG', 145),
(340, '650000035', 'BANG KEO 2 MAT 双面胶', 282),
(341, '650000036', 'GON 100胶', 18),
(342, '650000037', '7D公仔棉', 19),
(343, '650000038', 'GON 15D 公仔棉', 5),
(344, '650000039', 'KEO PHUN 200KG 胶', 6),
(345, '650000040', 'KEO THUNG 20KG胶', 5),
(346, '650000041', 'KEM BOC GIAY 450纸包钢丝', 240),
(347, '212003603', '四爪钉', 10830),
(350, '105002075', 'AC014-1M-1U02', 738),
(356, '212003605', '塑料储备盒', 208),
(357, '360010047', '黑色无纺布70G', 800),
(359, '650000042', '丝棉', 152.2),
(360, '360010051', 'PX2142 (GOI OM )', 33.9),
(371, '226000175', '4181-1带摆（左单边）金属拉手', 46),
(372, '226001345', '4318-1单人右边位', 110),
(373, '226001344', '4318-1单人左边位', 110),
(374, '217005604', '4181-2带摆', 120),
(375, '217005312', '4318-2右边位', 469),
(376, '217005295', '4318-2左边位', 469),
(379, '109000330', '1UIQC29-10-09', 69),
(380, '217005602', '4181-0左边位', 10),
(381, '217005293', '4318-0左边位', 26),
(382, '217005310', '4318-0右边位', 26),
(383, '226001268', '5318-5单人位', 2),
(384, '226001447', '4318-7单人位右边', 3),
(385, '217005300', '4318-7单边位左边', 3),
(386, '226001006', '5318Z-10', 4),
(387, '103000551', '6281-2', 4),
(388, '301010757', '1/4*16外六角螺栓', 396),
(389, '106000636', 'ML-H12010A-C-01', 9),
(390, '105002714', 'HC-204-OMO-OU01', 6),
(391, '105002717', 'HC-204-ONO-OU-01延长线', 6),
(392, '113001126', 'ZD016-12C0-N-01', 6),
(393, '113001127', 'ZD16-12CO-N-02', 6),
(394, '113001128', 'ZD016-12CO-N-03', 6),
(395, '113001129', 'ZD016-12CO-N-04', 6),
(396, '113001130', 'JRD003', 6),
(397, '226001446', '4318单人位左边位', 3),
(398, '103000279', 'MLTJ004A-685', 3),
(402, '109000275', 'IUIQC29-10-05', 1),
(403, '103000195', '125铁架-687电动', 1),
(404, '217002834', '-12底连杆', 6),
(407, '360010052', '1040-5008EUREKAWIND面料', 552),
(409, '360010053', '1040-5008QUESANDSTONE面料', 28.78),
(410, '360010054', '1040-5008MONDAVIHEMP面料', 27.28),
(411, '360010057', '1046-2905面料', 1340.5),
(412, '360010055', '1038DAYTON-14棕色面料', 3410.9),
(413, '360010056', '1038-DAYTON-17深棕色面料', 208.8),
(414, '360010050', 'CAPUCHINO (DA THAT)1022', 1381),
(415, '360010058', 'U1798-13MCH', 2672.8);
-- STAGING_OPENING_END

CREATE TEMP TABLE may_2026_daily_movements (
    source_order INTEGER NOT NULL,
    source_row INTEGER NOT NULL,
    movement_date TEXT NOT NULL,
    movement_type TEXT NOT NULL CHECK (movement_type IN ('in', 'out')),
    material_code TEXT NOT NULL,
    material_name TEXT NOT NULL,
    quantity DOUBLE PRECISION NOT NULL CHECK (quantity > 0)
) ON COMMIT DROP;

-- STAGING_DAILY_BEGIN
INSERT INTO may_2026_daily_movements (source_order, source_row, movement_date, movement_type, material_code, material_name, quantity) VALUES
(1, 1, '2026-05-01', 'in', '217002875', '4318铁架(R)', 1976),
(2, 2, '2026-05-01', 'in', '217002870', '4318铁架(L)', 2056),
(3, 3, '2026-05-01', 'in', '217002865', '5318铁架(L)', 693),
(4, 4, '2026-05-01', 'in', '217002866', '5318铁架(R)', 693),
(5, 7, '2026-05-01', 'in', '217008359', '5318Z铁架(L)', 593),
(6, 8, '2026-05-01', 'in', '217008361', '5318Z铁架(R)', 593),
(7, 30, '2026-05-01', 'in', '101003295', '头枕电机', 100),
(8, 42, '2026-05-01', 'in', '217002184', '5318-2单人位底连杆', 200),
(9, 43, '2026-05-01', 'in', '217003915', '中间靠背件', 1970),
(10, 49, '2026-05-01', 'in', '217002169', '电动转动方管', 100),
(11, 62, '2026-05-01', 'in', '217002204', '电动连接组件(R)', 693),
(12, 63, '2026-05-01', 'in', '217002200', '电动连接组件(L)', 693),
(13, 64, '2026-05-01', 'in', '217002154', '5318-2转动角铁', 100),
(14, 67, '2026-05-01', 'in', '217002124', '-2稳定管', 200),
(15, 68, '2026-05-01', 'in', '217002139', '-2抗扭管', 100),
(16, 93, '2026-05-01', 'in', '103000132', 'TJ004A', 523),
(17, 180, '2026-05-01', 'in', '301010623', '1/4螺母', 5000),
(18, 231, '2026-05-01', 'in', '380010012', '外六角螺丝', 4000),
(19, 232, '2026-05-01', 'in', '380010013', '外六角螺丝', 16000),
(20, 257, '2026-05-01', 'in', '390000012', 'N15枪钉', 3),
(21, 312, '2026-05-01', 'in', '650000027', '纸包钢丝', 1100),
(22, 351, '2026-05-01', 'in', '380010047', '弹簧扣', 35000),
(23, 352, '2026-05-01', 'in', '380010048', '夹吗扣', 56000),
(24, 353, '2026-05-01', 'in', '212003604', '蝴蝶插销', 450),
(25, 417, '2026-05-01', 'in', '650010014', '不绣钢烟灰钢', 36),
(26, 1, '2026-05-01', 'out', '217002875', '4318铁架(R)', 45),
(27, 2, '2026-05-01', 'out', '217002870', '4318铁架(L)', 45),
(28, 3, '2026-05-01', 'out', '217002865', '5318铁架(L)', 51),
(29, 4, '2026-05-01', 'out', '217002866', '5318铁架(R)', 51),
(30, 31, '2026-05-01', 'out', '228000258', '底连杆', 28),
(31, 40, '2026-05-01', 'out', '221001020', '底连杆', 14),
(32, 41, '2026-05-01', 'out', '228000247', '带筋底连杆', 56),
(33, 44, '2026-05-01', 'out', '217003066', 'L拉手开关', 19),
(34, 45, '2026-05-01', 'out', '217003067', 'R拉手开关', 33),
(35, 49, '2026-05-01', 'out', '217002169', '电动转动方管', 51),
(36, 51, '2026-05-01', 'out', '302120061', '尼龙角垫', 686),
(37, 54, '2026-05-01', 'out', '217002067', 'KD卡', 248),
(38, 55, '2026-05-01', 'out', '301010680', '红拉簧', 90),
(39, 59, '2026-05-01', 'out', '217002934', '手动转动方管', 45),
(40, 62, '2026-05-01', 'out', '217002204', '电动连接组件(R)', 51),
(41, 63, '2026-05-01', 'out', '217002200', '电动连接组件(L)', 51),
(42, 64, '2026-05-01', 'out', '217002154', '5318-2转动角铁', 51),
(43, 67, '2026-05-01', 'out', '217002124', '-2稳定管', 192),
(44, 68, '2026-05-01', 'out', '217002139', '-2抗扭管', 96),
(45, 79, '2026-05-01', 'out', '105001848', '塑料黑色方形拉手', 45),
(46, 177, '2026-05-01', 'out', '301010507', '7*13螺丝', 1217),
(47, 179, '2026-05-01', 'out', '301010646', '7*18螺丝', 180),
(48, 297, '2026-05-01', 'out', '301010641', 'M7*23螺丝', 294),
(49, 298, '2026-05-01', 'out', '301010531', 'M7*30螺丝', 292),
(50, 92, '2026-05-02', 'in', '105003168', 'CB048-A12-16SA控制盒', 357),
(51, 24, '2026-05-04', 'out', '101001876', '电机', 51),
(52, 106, '2026-05-04', 'out', '109000122', 'DCP23-04-N-01-02', 28),
(53, 111, '2026-05-04', 'out', '106000368', 'ML-H290020A-C-04C(07)', 28),
(54, 43, '2026-05-05', 'out', '217003915', '中间靠背件', 254),
(55, 185, '2026-05-05', 'out', '650000030', '绿色松紧带', 2400),
(56, 30, '2026-05-06', 'out', '101003295', '头枕电机', 100),
(57, 43, '2026-05-06', 'out', '217003915', '中间靠背件', 68),
(58, 54, '2026-05-06', 'out', '217002067', 'KD卡', 128),
(59, 93, '2026-05-06', 'out', '103000132', 'TJ004A', 100),
(60, 185, '2026-05-06', 'out', '650000030', '绿色松紧带', 400),
(61, 284, '2026-05-06', 'out', '105001737', 'AC108-2MA-2UQ03', 100),
(62, 417, '2026-05-06', 'out', '650010014', '不绣钢烟灰钢', 36),
(63, 54, '2026-05-07', 'in', '217002067', 'KD卡', 4800),
(64, 43, '2026-05-07', 'out', '217003915', '中间靠背件', 220),
(65, 185, '2026-05-07', 'out', '650000030', '绿色松紧带', 1000),
(66, 221, '2026-05-08', 'in', '360010034', 'TRANG 30G白色无纺布', 555.8),
(67, 222, '2026-05-08', 'in', '360010035', 'TRANG 40G白色无纺布', 1361.9),
(68, 357, '2026-05-08', 'in', '360010047', '黑色无纺布70G', 402.3),
(69, 1, '2026-05-08', 'out', '217002875', '4318铁架(R)', 248),
(70, 2, '2026-05-08', 'out', '217002870', '4318铁架(L)', 248),
(71, 11, '2026-05-08', 'out', '217005537', '4181铁架（L）', 35),
(72, 12, '2026-05-08', 'out', '217005538', '4181铁架（R）', 35),
(73, 31, '2026-05-08', 'out', '228000258', '底连杆', 114),
(74, 41, '2026-05-08', 'out', '228000247', '带筋底连杆', 134),
(75, 44, '2026-05-08', 'out', '217003066', 'L拉手开关', 124),
(76, 45, '2026-05-08', 'out', '217003067', 'R拉手开关', 124),
(77, 47, '2026-05-08', 'out', '217005541', 'L拉手支架', 35),
(78, 51, '2026-05-08', 'out', '302120061', '尼龙角垫', 1488),
(79, 54, '2026-05-08', 'out', '217002067', 'KD卡', 700),
(80, 55, '2026-05-08', 'out', '301010680', '红拉簧', 562),
(81, 58, '2026-05-08', 'out', '301010711', '4181小弹簧', 35),
(82, 59, '2026-05-08', 'out', '217002934', '手动转动方管', 283),
(83, 60, '2026-05-08', 'out', '217004332', '-2方框', 35),
(84, 67, '2026-05-08', 'out', '217002124', '-2稳定管', 566),
(85, 68, '2026-05-08', 'out', '217002139', '-2抗扭管', 318),
(86, 79, '2026-05-08', 'out', '105001848', '塑料黑色方形拉手', 383),
(87, 177, '2026-05-08', 'out', '301010507', '7*13螺丝', 3899),
(88, 179, '2026-05-08', 'out', '301010646', '7*18螺丝', 992),
(89, 284, '2026-05-08', 'out', '105001737', 'AC108-2MA-2UQ03', 124),
(90, 297, '2026-05-08', 'out', '301010641', 'M7*23螺丝', 562),
(91, 299, '2026-05-08', 'out', '301010668', '1/4防滑螺母', 140),
(92, 388, '2026-05-08', 'out', '301010757', '1/4*16外六角螺栓', 35),
(93, 108, '2026-05-09', 'in', '105001824', 'FSK004-A18', 49),
(94, 416, '2026-05-09', 'in', '650010017', '不绣钢烟灰钢', 500),
(95, 1, '2026-05-09', 'out', '217002875', '4318铁架(R)', 240),
(96, 2, '2026-05-09', 'out', '217002870', '4318铁架(L)', 240),
(97, 11, '2026-05-09', 'out', '217005537', '4181铁架（L）', 20),
(98, 12, '2026-05-09', 'out', '217005538', '4181铁架（R）', 20),
(99, 44, '2026-05-09', 'out', '217003066', 'L拉手开关', 120),
(100, 45, '2026-05-09', 'out', '217003067', 'R拉手开关', 120),
(101, 47, '2026-05-09', 'out', '217005541', 'L拉手支架', 20),
(102, 51, '2026-05-09', 'out', '302120061', '尼龙角垫', 1440),
(103, 54, '2026-05-09', 'out', '217002067', 'KD卡', 640),
(104, 55, '2026-05-09', 'out', '301010680', '红拉簧', 520),
(105, 58, '2026-05-09', 'out', '301010711', '4181小弹簧', 20),
(106, 59, '2026-05-09', 'out', '217002934', '手动转动方管', 260),
(107, 60, '2026-05-09', 'out', '217004332', '-2方框', 20),
(108, 67, '2026-05-09', 'out', '217002124', '-2稳定管', 520),
(109, 68, '2026-05-09', 'out', '217002139', '-2抗扭管', 280),
(110, 79, '2026-05-09', 'out', '105001848', '塑料黑色方形拉手', 260),
(111, 177, '2026-05-09', 'out', '301010507', '7*13螺丝', 3460),
(112, 297, '2026-05-09', 'out', '301010641', 'M7*23螺丝', 520),
(113, 299, '2026-05-09', 'out', '301010668', '1/4防滑螺母', 80),
(114, 388, '2026-05-09', 'out', '301010757', '1/4*16外六角螺栓', 80),
(115, 182, '2026-05-11', 'in', '212003601', '扶手插片', 330),
(116, 108, '2026-05-11', 'out', '105001824', 'FSK004-A18', 49),
(117, 317, '2026-05-11', 'out', '650000011', 'Bass 18cm', 250),
(118, 79, '2026-05-12', 'in', '105001848', '塑料黑色方形拉手', 88),
(119, 1, '2026-05-12', 'out', '217002875', '4318铁架(R)', 4),
(120, 2, '2026-05-12', 'out', '217002870', '4318铁架(L)', 4),
(121, 11, '2026-05-12', 'out', '217005537', '4181铁架（L）', 1),
(122, 12, '2026-05-12', 'out', '217005538', '4181铁架（R）', 1),
(123, 31, '2026-05-12', 'out', '228000258', '底连杆', 2),
(124, 41, '2026-05-12', 'out', '228000247', '带筋底连杆', 2),
(125, 43, '2026-05-12', 'out', '217003915', '中间靠背件', 2),
(126, 44, '2026-05-12', 'out', '217003066', 'L拉手开关', 2),
(127, 45, '2026-05-12', 'out', '217003067', 'R拉手开关', 2),
(128, 47, '2026-05-12', 'out', '217005541', 'L拉手支架', 1),
(129, 51, '2026-05-12', 'out', '302120061', '尼龙角垫', 24),
(130, 54, '2026-05-12', 'out', '217002067', 'KD卡', 14),
(131, 55, '2026-05-12', 'out', '301010680', '红拉簧', 10),
(132, 58, '2026-05-12', 'out', '301010711', '4181小弹簧', 1),
(133, 59, '2026-05-12', 'out', '217002934', '手动转动方管', 5),
(134, 67, '2026-05-12', 'out', '217002124', '-2稳定管', 10),
(135, 68, '2026-05-12', 'out', '217002139', '-2抗扭管', 6),
(136, 79, '2026-05-12', 'out', '105001848', '塑料黑色方形拉手', 5),
(137, 177, '2026-05-12', 'out', '301010507', '7*13螺丝', 70),
(138, 179, '2026-05-12', 'out', '301010646', '7*18螺丝', 16),
(139, 297, '2026-05-12', 'out', '301010641', 'M7*23螺丝', 10),
(140, 183, '2026-05-13', 'in', '212003602', '扶手插片', 500),
(141, 261, '2026-05-13', 'in', '390000016', '438K马钉', 15),
(142, 7, '2026-05-13', 'out', '217008359', '5318Z铁架(L)', 101),
(143, 8, '2026-05-13', 'out', '217008361', '5318Z铁架(R)', 101),
(144, 15, '2026-05-13', 'out', '230000036', '6281铁架（L)', 10),
(145, 16, '2026-05-13', 'out', '230000037', '6281铁架（R)', 10),
(146, 19, '2026-05-13', 'out', '101002929', '电机', 111),
(147, 20, '2026-05-13', 'out', '101003949', '电机', 10),
(148, 24, '2026-05-13', 'out', '101001876', '电机', 101),
(149, 51, '2026-05-13', 'out', '302120061', '尼龙角垫', 404),
(150, 52, '2026-05-13', 'out', '217003075', 'A扣带钉挂件', 64),
(151, 53, '2026-05-13', 'out', '217003077', 'B扣带槽挂件', 101),
(152, 54, '2026-05-13', 'out', '217002067', 'KD卡', 202),
(153, 57, '2026-05-13', 'out', '301010788', '加强靠背簧', 20),
(154, 62, '2026-05-13', 'out', '217002204', '电动连接组件(R)', 101),
(155, 63, '2026-05-13', 'out', '217002200', '电动连接组件(L)', 101),
(156, 74, '2026-05-13', 'out', '217002142', '-5抗扭管', 101),
(157, 75, '2026-05-13', 'out', '217002127', '-5稳定管', 202),
(158, 76, '2026-05-13', 'out', '217002172', '-5转动方管', 101),
(159, 92, '2026-05-13', 'out', '105003168', 'CB048-A12-16SA控制盒', 101),
(160, 93, '2026-05-13', 'out', '103000132', 'TJ004A', 111),
(161, 106, '2026-05-13', 'out', '109000122', 'DCP23-04-N-01-02', 111),
(162, 107, '2026-05-13', 'out', '105003111', 'HC091-2MIL0-1U01-A', 10),
(163, 110, '2026-05-13', 'out', '106000324', 'ML-H290020A-C-04C(03)', 10),
(164, 166, '2026-05-13', 'out', '217002157', '-5转动角铁', 101),
(165, 168, '2026-05-13', 'out', '217007533', '6281KD卡1', 10),
(166, 169, '2026-05-13', 'out', '217007534', '6281KD卡2', 10),
(167, 170, '2026-05-13', 'out', '217010827', '6281底框', 10),
(168, 171, '2026-05-13', 'out', '217011159', '6281梯形前管', 10),
(169, 172, '2026-05-13', 'out', '217011157', '6281梯形后管', 10),
(170, 173, '2026-05-13', 'out', '217010815', '6281前驱管', 10),
(171, 174, '2026-05-13', 'out', '217010806', '6281后驱管', 10),
(172, 175, '2026-05-13', 'out', '217010808', '6281稳定管', 10),
(173, 176, '2026-05-13', 'out', '228000250', '6281后驱弯管', 10),
(174, 177, '2026-05-13', 'out', '301010507', '7*13螺丝', 1776),
(175, 178, '2026-05-13', 'out', '301010622', '1/4*38螺丝', 80),
(176, 179, '2026-05-13', 'out', '301010646', '7*18螺丝', 646),
(177, 180, '2026-05-13', 'out', '301010623', '1/4螺母', 120),
(178, 181, '2026-05-13', 'out', '217010816', '配6281铁架电机', 20),
(179, 183, '2026-05-13', 'out', '212003602', '扶手插片', 162),
(180, 231, '2026-05-13', 'out', '380010012', '外六角螺丝', 820),
(181, 232, '2026-05-13', 'out', '380010013', '外六角螺丝', 382),
(182, 236, '2026-05-13', 'out', '380010017', '外六角螺丝', 618),
(183, 238, '2026-05-13', 'out', '380010019', '外六角螺丝', 370),
(184, 240, '2026-05-13', 'out', '380010021', '外六角螺丝', 114),
(185, 252, '2026-05-13', 'out', '380010043', '4*30螺丝', 900),
(186, 278, '2026-05-13', 'out', '108000437', 'DTC12-B05-01', 10),
(187, 298, '2026-05-13', 'out', '301010531', 'M7*30螺丝', 404),
(188, 356, '2026-05-13', 'out', '212003605', '塑料储备盒', 37),
(189, 416, '2026-05-13', 'out', '650010017', '不绣钢烟灰钢', 158),
(190, 418, '2026-05-13', 'out', '650010016', '黑色塑料烟灰钢', 158),
(191, 110, '2026-05-14', 'in', '106000324', 'ML-H290020A-C-04C(03)', 10),
(192, 3, '2026-05-14', 'out', '217002865', '5318铁架(L)', 5),
(193, 4, '2026-05-14', 'out', '217002866', '5318铁架(R)', 5),
(194, 7, '2026-05-14', 'out', '217008359', '5318Z铁架(L)', 102),
(195, 8, '2026-05-14', 'out', '217008361', '5318Z铁架(R)', 102),
(196, 15, '2026-05-14', 'out', '230000036', '6281铁架（L)', 12),
(197, 16, '2026-05-14', 'out', '230000037', '6281铁架（R)', 12),
(198, 24, '2026-05-14', 'out', '101001876', '电机', 102),
(199, 30, '2026-05-14', 'out', '101003295', '头枕电机', 5),
(200, 41, '2026-05-14', 'out', '228000247', '带筋底连杆', 140),
(201, 43, '2026-05-14', 'out', '217003915', '中间靠背件', 110),
(202, 51, '2026-05-14', 'out', '302120061', '尼龙角垫', 816),
(203, 52, '2026-05-14', 'out', '217003075', 'A扣带钉挂件', 68),
(204, 53, '2026-05-14', 'out', '217003077', 'B扣带槽挂件', 68),
(205, 54, '2026-05-14', 'out', '217002067', 'KD卡', 314),
(206, 57, '2026-05-14', 'out', '301010788', '加强靠背簧', 24),
(207, 62, '2026-05-14', 'out', '217002204', '电动连接组件(R)', 102),
(208, 63, '2026-05-14', 'out', '217002200', '电动连接组件(L)', 102),
(209, 66, '2026-05-14', 'out', '217002162', '-10转动角铁', 102),
(210, 69, '2026-05-14', 'out', '217002132', '-10稳定管', 204),
(211, 70, '2026-05-14', 'out', '217002147', '-10抗扭管', 102),
(212, 71, '2026-05-14', 'out', '217002177', '-10转动方管', 102),
(213, 84, '2026-05-14', 'out', '350010015', '纸护角', 672),
(214, 86, '2026-05-14', 'out', '350010017', '纸护角', 48),
(215, 90, '2026-05-14', 'out', '350010022', '纸护角', 40),
(216, 92, '2026-05-14', 'out', '105003168', 'CB048-A12-16SA控制盒', 102),
(217, 93, '2026-05-14', 'out', '103000132', 'TJ004A', 5),
(218, 96, '2026-05-14', 'out', '217002832', '-10分体底连杆', 204),
(219, 106, '2026-05-14', 'out', '109000122', 'DCP23-04-N-01-02', 31),
(220, 107, '2026-05-14', 'out', '105003111', 'HC091-2MIL0-1U01-A', 12),
(221, 168, '2026-05-14', 'out', '217007533', '6281KD卡1', 12),
(222, 169, '2026-05-14', 'out', '217007534', '6281KD卡2', 12),
(223, 170, '2026-05-14', 'out', '217010827', '6281底框', 12),
(224, 171, '2026-05-14', 'out', '217011159', '6281梯形前管', 12),
(225, 172, '2026-05-14', 'out', '217011157', '6281梯形后管', 12),
(226, 173, '2026-05-14', 'out', '217010815', '6281前驱管', 12),
(227, 174, '2026-05-14', 'out', '217010806', '6281后驱管', 12),
(228, 175, '2026-05-14', 'out', '217010808', '6281稳定管', 12),
(229, 176, '2026-05-14', 'out', '228000250', '6281后驱弯管', 12),
(230, 177, '2026-05-14', 'out', '301010507', '7*13螺丝', 1824),
(231, 178, '2026-05-14', 'out', '301010622', '1/4*38螺丝', 96),
(232, 179, '2026-05-14', 'out', '301010646', '7*18螺丝', 1408),
(233, 180, '2026-05-14', 'out', '301010623', '1/4螺母', 144),
(234, 181, '2026-05-14', 'out', '217010816', '配6281铁架电机', 12),
(235, 185, '2026-05-14', 'out', '650000030', '绿色松紧带', 872),
(236, 231, '2026-05-14', 'out', '380010012', '外六角螺丝', 864),
(237, 232, '2026-05-14', 'out', '380010013', '外六角螺丝', 2804),
(238, 257, '2026-05-14', 'out', '390000012', 'N15枪钉', 1),
(239, 259, '2026-05-14', 'out', '390000014', '1013J枪钉', 0.4),
(240, 261, '2026-05-14', 'out', '390000016', '438K马钉', 19),
(241, 288, '2026-05-14', 'out', '105002501', 'CB048-A12-05S控制开关', 12),
(242, 297, '2026-05-14', 'out', '301010641', 'M7*23螺丝', 408),
(243, 298, '2026-05-14', 'out', '301010531', 'M7*30螺丝', 408),
(244, 299, '2026-05-14', 'out', '301010668', '1/4防滑螺母', 136),
(245, 312, '2026-05-14', 'out', '650000027', '纸包钢丝', 111),
(246, 351, '2026-05-14', 'out', '380010047', '弹簧扣', 2106),
(247, 352, '2026-05-14', 'out', '380010048', '夹吗扣', 3340),
(248, 353, '2026-05-14', 'out', '212003604', '蝴蝶插销', 176),
(249, 388, '2026-05-14', 'out', '301010757', '1/4*16外六角螺栓', 136),
(250, 43, '2026-05-15', 'in', '217003915', '中间靠背件', 55),
(251, 43, '2026-05-15', 'out', '217003915', '中间靠背件', 244),
(252, 106, '2026-05-15', 'out', '109000122', 'DCP23-04-N-01-02', 114),
(253, 107, '2026-05-15', 'out', '105003111', 'HC091-2MIL0-1U01-A', 5),
(254, 109, '2026-05-15', 'out', '103000525', 'ML-H20040A-C-05(02)', 26),
(255, 185, '2026-05-15', 'out', '650000030', '绿色松紧带', 1795),
(256, 231, '2026-05-15', 'out', '380010012', '外六角螺丝', 1040),
(257, 232, '2026-05-15', 'out', '380010013', '外六角螺丝', 732),
(258, 259, '2026-05-15', 'out', '390000014', '1013J枪钉', 0.6),
(259, 261, '2026-05-15', 'out', '390000016', '438K马钉', 5),
(260, 312, '2026-05-15', 'out', '650000027', '纸包钢丝', 173),
(261, 316, '2026-05-15', 'out', '650000034', '透明胶带', 50),
(262, 351, '2026-05-15', 'out', '380010047', '弹簧扣', 4246),
(263, 352, '2026-05-15', 'out', '380010048', '夹吗扣', 6354),
(264, 353, '2026-05-15', 'out', '212003604', '蝴蝶插销', 182),
(265, 43, '2026-05-16', 'out', '217003915', '中间靠背件', 172),
(266, 185, '2026-05-16', 'out', '650000030', '绿色松紧带', 1056),
(267, 259, '2026-05-16', 'out', '390000014', '1013J枪钉', 0.36),
(268, 261, '2026-05-16', 'out', '390000016', '438K马钉', 3.25),
(269, 353, '2026-05-16', 'out', '212003604', '蝴蝶插销', 74),
(270, 106, '2026-05-17', 'in', '109000122', 'DCP23-04-N-01-02', 567),
(271, 110, '2026-05-17', 'in', '106000324', 'ML-H290020A-C-04C(03)', 67),
(272, 105, '2026-05-17', 'out', '105003112', 'HCO91-1MZO-1UQ01-A', 91),
(273, 105, '2026-05-18', 'in', '105003112', 'HCO91-1MZO-1UQ01-A', 249),
(274, 107, '2026-05-18', 'in', '105003111', 'HC091-2MIL0-1U01-A', 30),
(275, 109, '2026-05-18', 'in', '103000525', 'ML-H20040A-C-05(02)', 120),
(276, 284, '2026-05-18', 'in', '105001737', 'AC108-2MA-2UQ03', 100),
(277, 379, '2026-05-18', 'in', '109000330', '1UIQC29-10-09', 67),
(278, 1, '2026-05-19', 'in', '217002875', '4318铁架(R)', 1070),
(279, 2, '2026-05-19', 'in', '217002870', '4318铁架(L)', 1150),
(280, 3, '2026-05-19', 'in', '217002865', '5318铁架(L)', 188),
(281, 4, '2026-05-19', 'in', '217002866', '5318铁架(R)', 188),
(282, 11, '2026-05-19', 'in', '217005537', '4181铁架（L）', 237),
(283, 12, '2026-05-19', 'in', '217005538', '4181铁架（R）', 237),
(284, 17, '2026-05-19', 'in', '217007170', '5396铁架(L)', 12),
(285, 18, '2026-05-19', 'in', '217007171', '5396铁架(R)', 12),
(286, 22, '2026-05-19', 'in', '101001524', '电机', 84),
(287, 24, '2026-05-19', 'in', '101001876', '电机', 274),
(288, 26, '2026-05-19', 'in', '101002437', '电机', 46),
(289, 27, '2026-05-19', 'in', '101002649', '电机', 12),
(290, 28, '2026-05-19', 'in', '101001501', '电机', 238),
(291, 30, '2026-05-19', 'in', '101003295', '头枕电机', 274),
(292, 43, '2026-05-19', 'in', '217003915', '中间靠背件', 1100),
(293, 44, '2026-05-19', 'in', '217003066', 'L拉手开关', 1025),
(294, 45, '2026-05-19', 'in', '217003067', 'R拉手开关', 845),
(295, 47, '2026-05-19', 'in', '217005541', 'L拉手支架', 237),
(296, 49, '2026-05-19', 'in', '217002169', '电动转动方管', 102),
(297, 50, '2026-05-19', 'in', '105001702', '金属拉手开关', 97),
(298, 51, '2026-05-19', 'in', '302120061', '尼龙角垫', 12144),
(299, 54, '2026-05-19', 'in', '217002067', 'KD卡', 4590),
(300, 55, '2026-05-19', 'in', '301010680', '红拉簧', 4214),
(301, 58, '2026-05-19', 'in', '301010711', '4181小弹簧', 237),
(302, 59, '2026-05-19', 'in', '217002934', '手动转动方管', 1722),
(303, 60, '2026-05-19', 'in', '217004332', '-2方框', 196),
(304, 62, '2026-05-19', 'in', '217002204', '电动连接组件(R)', 188),
(305, 63, '2026-05-19', 'in', '217002200', '电动连接组件(L)', 188),
(306, 64, '2026-05-19', 'in', '217002154', '5318-2转动角铁', 102),
(307, 67, '2026-05-19', 'in', '217002124', '-2稳定管', 3648),
(308, 68, '2026-05-19', 'in', '217002139', '-2抗扭管', 2020),
(309, 79, '2026-05-19', 'in', '105001848', '塑料黑色方形拉手', 1970),
(310, 101, '2026-05-19', 'in', '217006641', '5396-7前驱杆', 12),
(311, 102, '2026-05-19', 'in', '217007180', '5396-7后驱管', 12),
(312, 177, '2026-05-19', 'in', '301010507', '7*13螺丝', 40595),
(313, 179, '2026-05-19', 'in', '301010646', '7*18螺丝', 8232),
(314, 188, '2026-05-19', 'in', '301010698', '弹簧5396铁架用', 24),
(315, 262, '2026-05-19', 'in', 'YC-UNCODED-ML9-245', '电机', 42),
(316, 263, '2026-05-19', 'in', 'YC-UNCODED-ML6-001B', '电机', 4),
(317, 264, '2026-05-19', 'in', '217002137', '抗扭管', 392),
(318, 265, '2026-05-19', 'in', '217002167', '电动转动方管', 86),
(319, 266, '2026-05-19', 'in', '21700144', '电动转动方管', 120),
(320, 267, '2026-05-19', 'in', '217002122', '稳定管', 702),
(321, 268, '2026-05-19', 'in', '217002129', '稳定管', 240),
(322, 269, '2026-05-19', 'in', '217002939', '手动转动方管', 120),
(323, 266, '2026-05-19', 'in', '217002932', '手动转动方管', 265),
(324, 267, '2026-05-19', 'in', '217002152', '转动角铁', 8610),
(325, 268, '2026-05-19', 'in', '105002460', '中位有簧拉索', 40),
(326, 269, '2026-05-19', 'in', '217004330', '底框', 41),
(327, 270, '2026-05-19', 'in', '217002179', '电动转动方管', 49),
(328, 271, '2026-05-19', 'in', '217002164', '转动角铁', 49),
(329, 289, '2026-05-19', 'in', '301010114', 'TJ006拉簧', 24),
(330, 297, '2026-05-19', 'in', '301010641', 'M7*23螺丝', 4966),
(331, 298, '2026-05-19', 'in', '301010531', 'M7*30螺丝', 752),
(332, 299, '2026-05-19', 'in', '301010668', '1/4防滑螺母', 1044),
(333, 300, '2026-05-19', 'in', '301010667', '1/4*38外六角螺丝', 96),
(334, 301, '2026-05-19', 'in', '217004535', '侧边安装KD卡1', 12),
(335, 302, '2026-05-19', 'in', '217004622', '侧边安装KD卡2', 12),
(336, 388, '2026-05-19', 'in', '301010757', '1/4*16外六角螺栓', 948),
(337, 1, '2026-05-20', 'in', '217002875', '4318铁架(R)', 1440),
(338, 2, '2026-05-20', 'in', '217002870', '4318铁架(L)', 1200),
(339, 3, '2026-05-20', 'in', '217002865', '5318铁架(L)', 370),
(340, 4, '2026-05-20', 'in', '217002866', '5318铁架(R)', 370),
(341, 22, '2026-05-20', 'in', '101001524', '电机', 12),
(342, 28, '2026-05-20', 'in', '101001501', '电机', 238),
(343, 44, '2026-05-20', 'in', '217003066', 'L拉手开关', 346),
(344, 45, '2026-05-20', 'in', '217003067', 'R拉手开关', 263),
(345, 49, '2026-05-20', 'in', '217002169', '电动转动方管', 321),
(346, 51, '2026-05-20', 'in', '302120061', '尼龙角垫', 6134),
(347, 54, '2026-05-20', 'in', '217002067', 'KD卡', 1958),
(348, 55, '2026-05-20', 'in', '301010680', '红拉簧', 1218),
(349, 59, '2026-05-20', 'in', '217002934', '手动转动方管', 609),
(350, 62, '2026-05-20', 'in', '217002204', '电动连接组件(R)', 370),
(351, 63, '2026-05-20', 'in', '217002200', '电动连接组件(L)', 370),
(352, 64, '2026-05-20', 'in', '217002154', '5318-2转动角铁', 321),
(353, 67, '2026-05-20', 'in', '217002124', '-2稳定管', 1860),
(354, 68, '2026-05-20', 'in', '217002139', '-2抗扭管', 930),
(355, 79, '2026-05-20', 'in', '105001848', '塑料黑色方形拉手', 609),
(356, 103, '2026-05-20', 'in', '111000028', 'OP1400200KD', 214),
(357, 108, '2026-05-20', 'in', '105001824', 'FSK004-A18', 230),
(358, 167, '2026-05-20', 'in', '101002751', 'ML6-001B', 76),
(359, 177, '2026-05-20', 'in', '301010507', '7*13螺丝', 12357),
(360, 179, '2026-05-20', 'in', '301010646', '7*18螺丝', 3916),
(361, 188, '2026-05-20', 'in', '301010698', '弹簧5396铁架用', 144),
(362, 284, '2026-05-20', 'in', '105001737', 'AC108-2MA-2UQ03', 258),
(363, 289, '2026-05-20', 'in', '301010114', 'TJ006拉簧', 144),
(364, 292, '2026-05-20', 'in', '217002149', '抗扭管', 49),
(365, 297, '2026-05-20', 'in', '301010641', 'M7*23螺丝', 2698),
(366, 298, '2026-05-20', 'in', '301010531', 'M7*30螺丝', 1480),
(367, 299, '2026-05-20', 'in', '301010668', '1/4防滑螺母', 576),
(368, 300, '2026-05-20', 'in', '301010667', '1/4*38外六角螺丝', 576),
(369, 301, '2026-05-20', 'in', '217004535', '侧边安装KD卡1', 72),
(370, 302, '2026-05-20', 'in', '217004622', '侧边安装KD卡2', 72),
(371, 361, '2026-05-20', 'in', '217002134', '-12稳定管', 98),
(372, 362, '2026-05-20', 'in', '217008988', '5396-12前驱管', 72),
(373, 363, '2026-05-20', 'in', '217008944', '5396-12后驱管', 72),
(374, 364, '2026-05-20', 'in', '105002115', 'AC069-1M-2UQ03', 5),
(375, 366, '2026-05-20', 'in', '106000079', '电源', 35),
(376, 367, '2026-05-20', 'in', '109000320', '1U1QC29-10-09', 35),
(377, 368, '2026-05-20', 'in', '111000008', '电源线', 25),
(378, 369, '2026-05-20', 'in', '111000525', 'YC -127-01线', 80),
(379, 374, '2026-05-20', 'in', '217005604', '4181-2带摆', 1440),
(380, 389, '2026-05-20', 'in', '106000636', 'ML-H12010A-C-01', 171),
(381, 390, '2026-05-20', 'in', '105002714', 'HC-204-OMO-OU01', 174),
(382, 391, '2026-05-20', 'in', '105002717', 'HC-204-ONO-OU-01延长线', 174),
(383, 392, '2026-05-20', 'in', '113001126', 'ZD016-12C0-N-01', 104),
(384, 393, '2026-05-20', 'in', '113001127', 'ZD16-12CO-N-02', 104),
(385, 394, '2026-05-20', 'in', '113001128', 'ZD016-12CO-N-03', 104),
(386, 395, '2026-05-20', 'in', '113001129', 'ZD016-12CO-N-04', 104),
(387, 396, '2026-05-20', 'in', '113001130', 'JRD003', 174),
(388, 28, '2026-05-21', 'out', '101001501', '电机', 16),
(389, 106, '2026-05-21', 'out', '109000122', 'DCP23-04-N-01-02', 42),
(390, 111, '2026-05-21', 'out', '106000368', 'ML-H290020A-C-04C(07)', 42),
(391, 231, '2026-05-21', 'out', '380010012', '外六角螺丝', 168),
(392, 232, '2026-05-21', 'out', '380010013', '外六角螺丝', 128),
(393, 246, '2026-05-21', 'out', '380010027', '3*20螺丝', 84),
(394, 260, '2026-05-21', 'out', '390000015', '1010F枪钉', 0.3),
(395, 262, '2026-05-21', 'out', 'YC-UNCODED-ML9-245', '电机', 42),
(396, 350, '2026-05-21', 'out', '105002075', 'AC014-1M-1U02', 42),
(397, 416, '2026-05-21', 'out', '650010017', '不绣钢烟灰钢', 84),
(398, 94, '2026-05-22', 'in', '103000308', 'TJ004A', 12),
(399, 3, '2026-05-22', 'out', '217002865', '5318铁架(L)', 32),
(400, 4, '2026-05-22', 'out', '217002866', '5318铁架(R)', 32),
(401, 5, '2026-05-22', 'out', '217003121', '5181铁架（L）', 20),
(402, 6, '2026-05-22', 'out', '217003122', '5181铁架（R）', 20),
(403, 31, '2026-05-22', 'out', '228000258', '底连杆', 8),
(404, 41, '2026-05-22', 'out', '228000247', '带筋底连杆', 8),
(405, 43, '2026-05-22', 'out', '217003915', '中间靠背件', 244),
(406, 49, '2026-05-22', 'out', '217002169', '电动转动方管', 16),
(407, 51, '2026-05-22', 'out', '302120061', '尼龙角垫', 32),
(408, 54, '2026-05-22', 'out', '217002067', 'KD卡', 88),
(409, 61, '2026-05-22', 'out', '217004331', '-2方框(5181)', 20),
(410, 62, '2026-05-22', 'out', '217002204', '电动连接组件(R)', 16),
(411, 63, '2026-05-22', 'out', '217002200', '电动连接组件(L)', 16),
(412, 64, '2026-05-22', 'out', '217002154', '5318-2转动角铁', 16),
(413, 67, '2026-05-22', 'out', '217002124', '-2稳定管', 32),
(414, 68, '2026-05-22', 'out', '217002139', '-2抗扭管', 36),
(415, 103, '2026-05-22', 'out', '111000028', 'OP1400200KD', 8),
(416, 108, '2026-05-22', 'out', '105001824', 'FSK004-A18', 36),
(417, 110, '2026-05-22', 'out', '106000324', 'ML-H290020A-C-04C(03)', 28),
(418, 177, '2026-05-22', 'out', '301010507', '7*13螺丝', 432),
(419, 179, '2026-05-22', 'out', '301010646', '7*18螺丝', 64),
(420, 182, '2026-05-22', 'out', '212003601', '扶手插片', 56),
(421, 185, '2026-05-22', 'out', '650000030', '绿色松紧带', 2317),
(422, 231, '2026-05-22', 'out', '380010012', '外六角螺丝', 1274),
(423, 232, '2026-05-22', 'out', '380010013', '外六角螺丝', 2256),
(424, 234, '2026-05-22', 'out', '380010015', '外六角螺丝', 672),
(425, 237, '2026-05-22', 'out', '380010018', '外六角螺丝', 32),
(426, 240, '2026-05-22', 'out', '380010021', '外六角螺丝', 688),
(427, 246, '2026-05-22', 'out', '380010027', '3*20螺丝', 80),
(428, 252, '2026-05-22', 'out', '380010043', '4*30螺丝', 36),
(429, 254, '2026-05-22', 'out', '380010045', '4*50 (VANG)螺丝', 72),
(430, 257, '2026-05-22', 'out', '390000012', 'N15枪钉', 0.5),
(431, 259, '2026-05-22', 'out', '390000014', '1013J枪钉', 8),
(432, 260, '2026-05-22', 'out', '390000015', '1010F枪钉', 1),
(433, 261, '2026-05-22', 'out', '390000016', '438K马钉', 3),
(434, 294, '2026-05-22', 'out', '221001029', '5181-2后驱管', 20),
(435, 295, '2026-05-22', 'out', '221001030', '5181-2稳定管', 40),
(436, 297, '2026-05-22', 'out', '301010641', 'M7*23螺丝', 184),
(437, 298, '2026-05-22', 'out', '301010531', 'M7*30螺丝', 64),
(438, 351, '2026-05-22', 'out', '380010047', '弹簧扣', 5300),
(439, 352, '2026-05-22', 'out', '380010048', '夹吗扣', 8347),
(440, 353, '2026-05-22', 'out', '212003604', '蝴蝶插销', 142),
(441, 356, '2026-05-22', 'out', '212003605', '塑料储备盒', 4);
-- STAGING_DAILY_END

CREATE TEMP TABLE may_2026_import_context (
    warehouse_id BIGINT NOT NULL,
    admin_id BIGINT NOT NULL,
    admin_name TEXT NOT NULL
) ON COMMIT DROP;

DO $validation$
DECLARE
    v_warehouse_id BIGINT;
    v_admin_id BIGINT;
    v_admin_name TEXT;
    v_category_id BIGINT;
    v_unit_id BIGINT;
BEGIN
    IF (SELECT COUNT(*) FROM may_2026_opening_stock) <> 354 THEN
        RAISE EXCEPTION '期初暂存行数异常，预期 354 行';
    END IF;
    IF (SELECT COUNT(*) FROM may_2026_daily_movements) <> 441 THEN
        RAISE EXCEPTION '日发生暂存行数异常，预期 441 行';
    END IF;
    IF EXISTS (
        SELECT 1
        FROM inventory_transactions
        WHERE remark LIKE '%[酉昌2026-05导入]%'
    ) THEN
        RAISE EXCEPTION '2026年5月酉昌导入数据已存在，拒绝重复执行';
    END IF;

    SELECT dw.warehouse_id
      INTO v_warehouse_id
      FROM default_warehouses dw
      JOIN warehouses w ON w.id = dw.warehouse_id AND w.is_enabled = TRUE
     WHERE dw.material_type = 'raw';
    IF v_warehouse_id IS NULL THEN
        RAISE EXCEPTION '未配置启用的原材料默认仓，无法导入';
    END IF;

    SELECT u.id INTO v_admin_id
      FROM users u
     WHERE u.username = 'admin' AND u.is_enabled = TRUE
     ORDER BY u.id
     LIMIT 1;
    SELECT u.display_name INTO v_admin_name FROM users u WHERE u.id = v_admin_id;
    IF v_admin_id IS NULL THEN
        RAISE EXCEPTION '未找到启用的 admin 操作员，无法记录导入审计';
    END IF;

    SELECT c.id INTO v_category_id
      FROM categories c
     WHERE c.code = 'RAW-DRIVE-MOTOR' AND c.is_enabled = TRUE;
    SELECT u.id INTO v_unit_id
      FROM units u
     WHERE u.name = '个' AND u.is_enabled = TRUE;
    IF v_category_id IS NULL OR v_unit_id IS NULL THEN
        RAISE EXCEPTION '缺少电机分类 RAW-DRIVE-MOTOR 或计量单位 个，无法补建无品号物料';
    END IF;

    INSERT INTO materials (code, name, material_type, category_id, spec, base_unit_id, remark)
    VALUES
        ('YC-UNCODED-ML9-245', '电机', 'raw', v_category_id, 'ML9-245', v_unit_id, '[酉昌2026-05导入] 源表无品号补建基础物料'),
        ('YC-UNCODED-ML6-001B', '电机', 'raw', v_category_id, 'ML6-001B', v_unit_id, '[酉昌2026-05导入] 源表无品号补建基础物料')
    ON CONFLICT (code) DO NOTHING;

    IF EXISTS (
        SELECT 1
          FROM (VALUES
                ('YC-UNCODED-ML9-245', '电机', 'ML9-245'),
                ('YC-UNCODED-ML6-001B', '电机', 'ML6-001B')
          ) expected(code, name, spec)
          LEFT JOIN materials m ON m.code = expected.code
         WHERE m.id IS NULL
            OR m.name IS DISTINCT FROM expected.name
            OR m.spec IS DISTINCT FROM expected.spec
            OR m.material_type IS DISTINCT FROM 'raw'
            OR m.category_id IS DISTINCT FROM v_category_id
            OR m.base_unit_id IS DISTINCT FROM v_unit_id
            OR m.is_enabled IS DISTINCT FROM TRUE
    ) THEN
        RAISE EXCEPTION '无品号补建物料编码已被其他不兼容物料占用';
    END IF;

    IF EXISTS (
        WITH source_codes AS (
            SELECT material_code FROM may_2026_opening_stock
            UNION
            SELECT material_code FROM may_2026_daily_movements
        )
        SELECT 1
          FROM source_codes s
          LEFT JOIN materials m ON m.code = s.material_code AND m.is_enabled = TRUE
         WHERE m.id IS NULL
    ) THEN
        RAISE EXCEPTION '录入数据存在未初始化或已停用物料';
    END IF;

    IF EXISTS (
        WITH source_codes AS (
            SELECT material_code FROM may_2026_opening_stock
            UNION
            SELECT material_code FROM may_2026_daily_movements
        )
        SELECT 1
          FROM source_codes s
          JOIN materials m ON m.code = s.material_code
         WHERE COALESCE(m.lot_tracking_mode, 'none') <> 'none'
    ) THEN
        RAISE EXCEPTION '录入物料已启用批次追踪，请通过应用批次流程导入';
    END IF;

    IF EXISTS (
        WITH source_materials AS (
            SELECT DISTINCT m.id
              FROM (
                    SELECT material_code FROM may_2026_opening_stock
                    UNION
                    SELECT material_code FROM may_2026_daily_movements
              ) s
              JOIN materials m ON m.code = s.material_code
        )
        SELECT 1
          FROM inventory inv
          JOIN source_materials sm ON sm.id = inv.material_id
         WHERE inv.warehouse_id = v_warehouse_id
           AND (inv.quantity <> 0 OR inv.reserved_qty <> 0)
    ) OR EXISTS (
        WITH source_materials AS (
            SELECT DISTINCT m.id
              FROM (
                    SELECT material_code FROM may_2026_opening_stock
                    UNION
                    SELECT material_code FROM may_2026_daily_movements
              ) s
              JOIN materials m ON m.code = s.material_code
        )
        SELECT 1
          FROM inventory_transactions it
          JOIN source_materials sm ON sm.id = it.material_id
         WHERE it.warehouse_id = v_warehouse_id
    ) THEN
        RAISE EXCEPTION '目标原材料仓已存在本次物料库存或流水，拒绝叠加导入期初';
    END IF;

    INSERT INTO may_2026_import_context (warehouse_id, admin_id, admin_name)
    VALUES (v_warehouse_id, v_admin_id, v_admin_name);
END
$validation$;

CREATE OR REPLACE FUNCTION pg_temp.next_may_transaction_no()
RETURNS TEXT
LANGUAGE plpgsql
AS $function$
DECLARE
    v_prefix TEXT;
    v_last_no TEXT;
    v_sequence BIGINT;
BEGIN
    v_prefix := 'IT-' || to_char(clock_timestamp(), 'YYYYMMDDHH24MISS') || '-';
    SELECT transaction_no
      INTO v_last_no
      FROM inventory_transactions
     WHERE transaction_no LIKE v_prefix || '%'
     ORDER BY transaction_no DESC
     LIMIT 1;
    v_sequence := COALESCE(NULLIF(replace(v_last_no, v_prefix, ''), '')::BIGINT, 0) + 1;
    RETURN v_prefix || lpad(v_sequence::TEXT, 3, '0');
END
$function$;

CREATE OR REPLACE FUNCTION pg_temp.next_may_movement_no(p_movement_date TEXT)
RETURNS TEXT
LANGUAGE plpgsql
AS $function$
DECLARE
    v_prefix TEXT;
    v_last_no TEXT;
    v_sequence BIGINT;
BEGIN
    v_prefix := 'FM-' || replace(p_movement_date, '-', '') || '-';
    SELECT related_order_no
      INTO v_last_no
      FROM inventory_transactions
     WHERE related_order_no LIKE v_prefix || '%'
     ORDER BY related_order_no DESC
     LIMIT 1;
    v_sequence := COALESCE(NULLIF(replace(v_last_no, v_prefix, ''), '')::BIGINT, 0) + 1;
    RETURN v_prefix || lpad(v_sequence::TEXT, 3, '0');
END
$function$;

CREATE OR REPLACE FUNCTION pg_temp.post_may_manual_movement(
    p_movement_date TEXT,
    p_material_code TEXT,
    p_movement_type TEXT,
    p_quantity DOUBLE PRECISION,
    p_remark TEXT
)
RETURNS TEXT
LANGUAGE plpgsql
AS $function$
DECLARE
    v_warehouse_id BIGINT;
    v_admin_id BIGINT;
    v_admin_name TEXT;
    v_material_id BIGINT;
    v_material_name TEXT;
    v_before_qty DOUBLE PRECISION := 0;
    v_after_qty DOUBLE PRECISION;
    v_avg_cost BIGINT := 0;
    v_new_cost BIGINT := 0;
    v_movement_no TEXT;
    v_transaction_type TEXT;
    v_transaction_quantity DOUBLE PRECISION;
BEGIN
    IF p_movement_type NOT IN ('in', 'out') OR p_quantity <= 0 THEN
        RAISE EXCEPTION '自由出入库参数异常: % / %', p_movement_type, p_quantity;
    END IF;

    SELECT warehouse_id, admin_id, admin_name
      INTO STRICT v_warehouse_id, v_admin_id, v_admin_name
      FROM may_2026_import_context;
    SELECT id, name
      INTO STRICT v_material_id, v_material_name
      FROM materials
     WHERE code = p_material_code AND is_enabled = TRUE;

    SELECT quantity, avg_cost
      INTO v_before_qty, v_avg_cost
      FROM inventory
     WHERE material_id = v_material_id AND warehouse_id = v_warehouse_id
     FOR UPDATE;
    IF NOT FOUND THEN
        v_before_qty := 0;
        v_avg_cost := 0;
    END IF;

    v_movement_no := pg_temp.next_may_movement_no(p_movement_date);
    IF p_movement_type = 'in' THEN
        v_after_qty := v_before_qty + p_quantity;
        v_new_cost := CASE
            WHEN v_after_qty > 0 THEN round((v_before_qty * v_avg_cost::DOUBLE PRECISION) / v_after_qty)::BIGINT
            ELSE 0
        END;
        INSERT INTO inventory (material_id, warehouse_id, quantity, avg_cost, last_in_date, updated_at)
        VALUES (v_material_id, v_warehouse_id, v_after_qty, v_new_cost, p_movement_date, NOW())
        ON CONFLICT (material_id, warehouse_id) DO UPDATE SET
            quantity = excluded.quantity,
            avg_cost = excluded.avg_cost,
            last_in_date = excluded.last_in_date,
            updated_at = NOW();
        v_transaction_type := 'other_in';
        v_transaction_quantity := p_quantity;
        v_avg_cost := 0;
    ELSE
        IF v_before_qty < p_quantity THEN
            RAISE EXCEPTION '库存不足: 物料 %, 当前 %, 出库 %', p_material_code, v_before_qty, p_quantity;
        END IF;
        v_after_qty := v_before_qty - p_quantity;
        UPDATE inventory
           SET quantity = v_after_qty,
               last_out_date = p_movement_date,
               updated_at = NOW()
         WHERE material_id = v_material_id AND warehouse_id = v_warehouse_id;
        v_transaction_type := 'other_out';
        v_transaction_quantity := -p_quantity;
    END IF;

    INSERT INTO inventory_transactions (
        transaction_no, transaction_date, material_id, warehouse_id, transaction_type,
        quantity, before_qty, after_qty, unit_cost, source_type, related_order_no,
        operator_user_id, operator_name, remark
    ) VALUES (
        pg_temp.next_may_transaction_no(), p_movement_date, v_material_id, v_warehouse_id,
        v_transaction_type, v_transaction_quantity, v_before_qty, v_after_qty, v_avg_cost,
        'manual_stock_movement', v_movement_no, v_admin_id, v_admin_name, p_remark
    );

    INSERT INTO operation_logs (
        module, action, target_type, target_id, target_no, detail,
        operator_user_id, operator_name_snapshot
    ) VALUES (
        'inventory', 'manual_' || p_movement_type, 'manual_stock_movement', NULL, v_movement_no,
        '自由' || CASE p_movement_type WHEN 'in' THEN '入库 ' ELSE '出库 ' END ||
            v_movement_no || '，物料 ' || v_material_name || '，数量 ' || p_quantity::TEXT ||
            '；' || p_remark,
        v_admin_id, v_admin_name
    );

    RETURN v_movement_no;
END
$function$;

DO $opening$
DECLARE
    v_warehouse_id BIGINT;
    v_admin_id BIGINT;
    v_admin_name TEXT;
    v_material_id BIGINT;
    v_before_qty DOUBLE PRECISION;
    v_after_qty DOUBLE PRECISION;
    item RECORD;
BEGIN
    SELECT warehouse_id, admin_id, admin_name
      INTO STRICT v_warehouse_id, v_admin_id, v_admin_name
      FROM may_2026_import_context;

    FOR item IN SELECT * FROM may_2026_opening_stock ORDER BY source_row LOOP
        SELECT id INTO STRICT v_material_id FROM materials WHERE code = item.material_code AND is_enabled = TRUE;
        SELECT COALESCE(quantity, 0)
          INTO v_before_qty
          FROM inventory
         WHERE material_id = v_material_id AND warehouse_id = v_warehouse_id
         FOR UPDATE;
        IF NOT FOUND THEN
            v_before_qty := 0;
        END IF;
        v_after_qty := v_before_qty + item.quantity;

        INSERT INTO inventory (material_id, warehouse_id, quantity, avg_cost, last_in_date, updated_at)
        VALUES (v_material_id, v_warehouse_id, v_after_qty, 0, '2026-05-01', NOW())
        ON CONFLICT (material_id, warehouse_id) DO UPDATE SET
            quantity = excluded.quantity,
            avg_cost = excluded.avg_cost,
            last_in_date = excluded.last_in_date,
            updated_at = NOW();

        INSERT INTO inventory_transactions (
            transaction_no, transaction_date, material_id, warehouse_id, transaction_type,
            quantity, before_qty, after_qty, unit_cost, source_type, related_order_no,
            operator_user_id, operator_name, remark
        ) VALUES (
            pg_temp.next_may_transaction_no(), '2026-05-01', v_material_id, v_warehouse_id,
            'other_in', item.quantity, v_before_qty, v_after_qty, 0,
            'initial_inventory', 'INIT', v_admin_id, v_admin_name,
            '[酉昌2026-05导入] 5月期初库存；来源行=' || item.source_row::TEXT
        );
    END LOOP;

    INSERT INTO operation_logs (
        module, action, target_type, target_id, target_no, detail,
        operator_user_id, operator_name_snapshot
    ) VALUES (
        'inventory', 'import_initial', 'initial_inventory', NULL, 'INIT',
        '[酉昌2026-05导入] 导入5月期初库存 354 条，来源 scripts/酉昌进销存明细.xlsx',
        v_admin_id, v_admin_name
    );
END
$opening$;

DO $daily$
DECLARE
    v_warehouse_id BIGINT;
    v_current_qty DOUBLE PRECISION;
    v_gap DOUBLE PRECISION;
    v_material_id BIGINT;
    item RECORD;
BEGIN
    SELECT warehouse_id INTO STRICT v_warehouse_id FROM may_2026_import_context;
    FOR item IN SELECT * FROM may_2026_daily_movements ORDER BY source_order LOOP
        IF item.movement_type = 'out' THEN
            SELECT id INTO STRICT v_material_id FROM materials WHERE code = item.material_code AND is_enabled = TRUE;
            SELECT COALESCE(quantity, 0)
              INTO v_current_qty
              FROM inventory
             WHERE material_id = v_material_id AND warehouse_id = v_warehouse_id
             FOR UPDATE;
            IF NOT FOUND THEN
                v_current_qty := 0;
            END IF;
            IF v_current_qty < item.quantity THEN
                v_gap := item.quantity - v_current_qty;
                PERFORM pg_temp.post_may_manual_movement(
                    item.movement_date, item.material_code, 'in', v_gap,
                    '[酉昌2026-05导入] 源表负库存补足；来源行=' || item.source_row::TEXT
                );
            END IF;
        END IF;
        PERFORM pg_temp.post_may_manual_movement(
            item.movement_date, item.material_code, item.movement_type, item.quantity,
            '[酉昌2026-05导入] 源表每日' || CASE item.movement_type WHEN 'in' THEN '入库' ELSE '出库' END ||
            '；来源行=' || item.source_row::TEXT
        );
    END LOOP;
END
$daily$;

DO $verification$
DECLARE
    v_initial_count BIGINT;
    v_manual_count BIGINT;
    v_supplement_count BIGINT;
    v_supplement_quantity DOUBLE PRECISION;
BEGIN
    SELECT COUNT(*) INTO v_initial_count
      FROM inventory_transactions
     WHERE source_type = 'initial_inventory' AND remark LIKE '%[酉昌2026-05导入]%';
    SELECT COUNT(*) INTO v_manual_count
      FROM inventory_transactions
     WHERE source_type = 'manual_stock_movement' AND remark LIKE '%[酉昌2026-05导入]%';
    SELECT COUNT(*), COALESCE(SUM(quantity), 0)
      INTO v_supplement_count, v_supplement_quantity
      FROM inventory_transactions
     WHERE transaction_type = 'other_in'
       AND source_type = 'manual_stock_movement'
       AND remark LIKE '%[酉昌2026-05导入] 源表负库存补足%';

    IF v_initial_count <> 354
       OR v_manual_count <> 463
       OR v_supplement_count <> 22
       OR v_supplement_quantity <> 1200 THEN
        RAISE EXCEPTION '导入写入数校验失败: 期初 %, 日常 %, 补足 %/%',
            v_initial_count, v_manual_count, v_supplement_count, v_supplement_quantity;
    END IF;

    IF EXISTS (
        SELECT 1
          FROM inventory inv
          JOIN materials m ON m.id = inv.material_id
          CROSS JOIN may_2026_import_context ctx
         WHERE m.code IN (
             SELECT material_code FROM may_2026_opening_stock
             UNION
             SELECT material_code FROM may_2026_daily_movements
         )
           AND inv.warehouse_id = ctx.warehouse_id
           AND inv.quantity < 0
    ) THEN
        RAISE EXCEPTION '导入后存在负库存，事务已终止';
    END IF;
END
$verification$;

COMMIT;
